ari,iso_asw,nmi,sht,method,Dataset
0.00015868857652281935,0.4843852641788765,0.005479034755023446,0.4820467051759265,MIRA,GSE156478
0.5805248544486977,0.5645443862304091,0.6131380656651377,0.5915808379650116,Seurat,GSE156478
0.6229998110456757,0.565419359165909,0.631645462370483,0.5824712887406349,PCA,GSE156478
